t_s,VDD_CPU_GPU_CV_mw,VDD_IN_mw,VDD_SOC_mw,cpu_pct,cpu_pct_max_nucleo,gpu_mhz,gpu_pct,ram_mb,ram_total_mb,swap_mb,temp_cpu,temp_gpu,temp_soc0,temp_soc1,temp_soc2,temp_tj
0.596,1362,4407,1241,28.8,100,306,0,934,7620,0,42.312,43.656,42.031,41.625,42.062,43.656
1.029,1480,4687,1280,27.2,98,306,0,988,7620,0,42.281,43.656,42.093,41.687,42.062,43.656
1.538,1440,4680,1320,16.3,98,306,0,1006,7620,0,42.281,43.781,42.156,41.687,42.093,44.093
2.048,1440,4647,1320,16.8,100,306,0,1018,7620,0,42.718,43.937,42.25,41.75,42.062,43.937
2.598,1041,4126,1161,12.7,58,306,0,1022,7620,0,42.0,44.0,42.218,41.718,42.0,44.0
3.06,1200,4487,1282,16.3,50,306,0,1034,7620,0,42.562,43.656,42.281,41.718,42.031,43.656
3.565,1320,4647,1320,17.0,100,306,0,1058,7620,0,42.875,44.125,42.312,41.906,42.156,44.125
4.074,1400,4647,1320,17.2,100,306,0,1074,7620,0,42.781,43.937,42.218,41.843,42.187,43.937
4.576,1360,4680,1360,17.0,96,306,0,1087,7620,0,42.656,43.875,42.25,41.812,42.218,43.875
5.081,1280,4680,1320,17.2,47,306,0,1216,7620,0,42.468,43.906,42.25,41.812,42.125,43.906
5.587,1320,4760,1320,18.0,45,306,0,1342,7620,0,42.875,43.843,42.312,41.781,42.218,43.843
6.092,1320,4760,1320,18.2,45,306,0,1475,7620,0,42.718,43.781,42.281,41.968,42.281,43.781
6.619,1280,4720,1320,16.7,43,306,0,1600,7620,0,42.437,43.75,42.281,41.906,42.312,43.75
7.11,841,3972,1123,9.0,26,306,0,1603,7620,0,42.156,43.843,42.25,41.875,42.125,43.843
7.62,802,3852,1083,13.3,38,306,0,1616,7620,0,42.218,44.031,42.218,41.937,42.218,44.031
8.122,802,3812,1083,12.8,37,306,0,1623,7620,0,42.187,44.0,42.25,41.843,42.093,44.0
8.63,1241,4366,1121,26.2,36,306,0,1651,7620,0,42.156,44.031,42.25,41.812,42.093,44.031
9.139,722,3651,1003,8.5,18,306,0,1662,7620,1,42.187,43.656,42.281,41.875,42.093,43.656
9.644,642,3536,1004,7.8,28,306,0,1673,7620,1,42.312,43.937,42.437,41.75,42.062,43.937
10.154,601,3496,1004,5.5,11,306,53,1696,7620,1,42.25,44.187,42.406,41.781,41.937,44.187
10.661,601,3536,1003,12.8,37,306,4,1786,7620,1,42.218,43.656,42.375,41.968,42.031,43.656
11.169,601,3536,1004,10.8,39,306,0,1847,7620,1,42.218,43.812,42.312,42.0,42.031,43.812
11.69,801,3932,1083,15.5,36,714,99,1914,7620,1,42.375,43.937,42.406,41.812,42.062,43.937
12.188,762,3812,1043,11.3,38,306,0,1962,7620,1,42.125,44.062,42.437,41.843,42.031,44.062
12.692,1240,4647,1241,17.0,80,306,49,2134,7620,1,42.687,43.937,42.406,41.968,42.25,43.937
13.204,1517,5240,1400,10.5,36,306,99,2166,7620,1,42.437,44.437,42.406,41.968,42.312,44.437
13.704,1794,5830,1597,11.7,68,408,99,2167,7620,1,42.468,44.562,42.375,41.968,42.375,44.562
14.21,2388,6738,1794,12.8,76,816,10,2167,7620,1,42.687,44.906,42.437,41.968,42.5,44.906
14.715,3139,7682,1870,12.5,74,612,20,2167,7620,1,43.062,45.062,42.718,42.0,42.656,45.062
15.22,3412,8081,1950,12.7,68,510,99,2173,7620,1,43.187,45.125,42.687,42.187,42.906,45.125
15.726,3610,8385,1987,12.7,74,612,80,2173,7620,1,43.125,45.343,42.687,42.187,43.031,45.343
16.232,3372,8001,1910,12.7,74,1020,27,2173,7620,1,43.218,45.218,42.687,42.281,43.0,45.218
16.737,3571,8319,1947,12.8,76,612,0,2173,7620,1,43.437,45.187,42.937,42.218,43.093,45.187
17.246,3412,8120,1947,12.2,72,918,93,2173,7620,1,43.187,45.593,42.968,42.312,43.093,45.593
17.749,3610,8306,1947,12.8,75,612,98,2159,7620,1,43.437,45.406,42.968,42.468,43.343,45.406
18.254,3809,8505,1987,12.7,76,612,99,2160,7620,1,43.468,46.062,42.875,42.468,43.281,46.062
18.759,3809,8544,1987,12.7,76,612,99,2160,7620,1,43.468,45.937,43.031,42.468,43.375,45.937
19.265,3729,8425,1947,13.0,78,1020,37,2160,7620,1,43.687,45.875,43.031,42.468,43.437,45.875
19.771,3729,8425,1947,12.7,76,1020,38,2160,7620,1,43.875,46.031,43.218,42.718,43.468,46.031
20.278,3610,8319,1947,12.7,75,510,7,2160,7620,1,44.0,45.718,43.281,42.656,43.625,45.718
20.786,3650,8385,1947,13.2,64,612,98,2163,7620,1,43.812,46.281,43.187,42.625,43.562,46.281
21.288,3690,8465,1947,12.7,75,1020,98,2164,7620,1,43.75,46.093,43.281,42.687,43.625,46.093
21.793,3729,8465,1987,12.7,76,1020,99,2164,7620,1,43.843,46.531,43.375,42.687,43.593,46.531
22.298,3769,8544,1987,13.2,75,612,99,2164,7620,1,44.187,46.343,43.437,43.062,43.687,46.343
22.804,3848,8544,1987,13.2,77,612,91,2164,7620,1,44.0,46.25,43.468,42.875,43.812,46.25
23.31,3809,8544,1987,13.0,77,612,75,2164,7620,1,44.125,46.406,43.437,42.937,43.843,46.406
23.816,3531,8120,1907,12.5,74,918,0,2166,7620,1,44.031,45.937,43.5,42.937,43.781,45.937
24.321,3769,8425,1947,13.2,78,714,21,2166,7620,1,44.531,46.093,43.781,42.875,43.843,46.093
24.83,3888,8584,1947,13.5,80,612,72,2166,7620,1,44.281,46.687,43.687,43.062,43.812,46.687
25.333,4040,8743,1947,13.8,79,714,89,2167,7620,1,44.437,46.593,43.687,43.062,44.125,46.593
25.837,4159,8862,1987,13.7,82,1020,98,2167,7620,1,44.343,47.187,43.781,43.187,44.156,47.187
26.343,3809,8465,1947,13.5,80,612,0,2167,7620,1,44.375,46.562,43.968,43.062,44.093,46.562
26.849,3809,8465,1947,12.8,77,612,33,2171,7620,1,44.437,46.406,43.843,43.125,44.187,46.687
27.357,3888,8544,1947,13.3,78,1020,98,2167,7620,1,44.625,46.718,43.843,43.406,44.281,46.718
27.864,4001,8743,1987,13.8,82,714,98,2167,7620,1,44.437,46.781,43.875,43.312,44.281,46.781
28.718,2547,6698,1674,15.2,46,306,0,2163,7620,1,44.062,45.875,43.875,43.343,44.125,45.875
28.872,1160,4807,1442,7.3,35,306,0,2200,7620,1,43.843,45.562,44.031,43.312,43.812,45.562
29.378,1357,5240,1560,13.0,36,714,0,2247,7620,1,44.281,45.812,43.906,43.25,43.687,45.812
29.888,1637,5640,1637,10.8,62,306,85,2244,7620,1,44.062,45.843,43.875,43.468,43.937,45.843
30.391,1477,5440,1600,10.8,62,714,0,2244,7620,1,44.0,45.656,43.875,43.343,43.843,45.656
30.897,1637,5640,1637,10.7,64,306,9,2244,7620,1,43.875,45.937,43.812,43.312,43.875,45.718
31.403,1557,5520,1640,11.5,64,306,0,2244,7620,1,44.125,45.562,43.875,43.312,43.875,45.562
31.909,1677,5710,1637,10.8,62,408,47,2244,7620,1,44.218,46.156,44.062,43.343,43.781,46.156
32.415,1757,5750,1677,10.5,62,714,73,2244,7620,1,43.968,46.031,44.031,43.312,43.843,46.031
32.924,1757,5830,1637,10.8,64,408,57,2244,7620,1,44.343,46.25,43.937,43.5,43.937,46.25
33.428,1677,5750,1637,11.0,64,306,99,2244,7620,1,43.906,45.906,43.875,43.468,43.937,45.906
33.932,1637,5670,1637,9.8,59,306,99,2244,7620,1,44.062,46.093,43.937,43.468,43.937,46.093
34.446,1477,5480,1600,10.7,62,306,61,2244,7620,1,44.0,45.875,43.875,43.406,43.812,45.875
34.951,1677,5720,1637,11.0,64,408,70,2244,7620,1,44.343,45.968,44.0,43.406,43.843,45.968
35.45,1677,5670,1637,10.8,63,714,2,2244,7620,1,44.156,45.937,44.062,43.625,44.031,45.937
35.955,1677,5720,1637,10.7,64,306,14,2244,7620,1,44.156,45.843,44.031,43.468,44.031,45.843
36.461,1597,5600,1637,10.7,61,714,0,2245,7620,1,44.062,46.375,44.031,43.437,43.906,46.375
36.967,1597,5600,1637,11.0,64,306,4,2245,7620,1,44.156,45.812,43.968,43.5,44.0,45.812
37.474,1637,5640,1637,10.8,60,408,81,2245,7620,1,43.937,46.593,44.062,43.468,44.062,46.593
37.979,1637,5640,1637,11.0,63,408,75,2245,7620,1,44.218,46.0,44.125,43.718,44.031,46.0
38.488,1517,5520,1600,10.2,60,714,26,2245,7620,1,44.343,46.406,44.093,43.625,44.062,46.406
38.991,1637,5600,1637,11.0,66,714,6,2245,7620,1,44.187,46.125,44.093,43.656,44.093,46.125
39.497,1794,5830,1677,10.8,64,714,0,2245,7620,1,44.125,46.187,44.156,43.593,44.031,46.656
40.003,1677,5680,1637,11.0,64,306,11,2245,7620,1,44.25,46.187,44.093,43.625,44.062,46.187
40.509,1717,5750,1637,11.5,65,306,49,2245,7620,1,44.5,46.093,44.25,43.812,44.0,46.093
41.015,1597,5520,1600,10.8,64,306,1,2245,7620,1,44.312,46.093,44.218,43.75,44.187,46.093
41.521,1597,5600,1637,10.2,60,306,90,2245,7620,1,44.468,46.125,44.187,43.718,44.218,46.125
42.027,1677,5680,1637,11.2,65,306,43,2246,7620,1,44.312,46.093,44.187,43.75,44.187,46.093
42.534,1597,5560,1600,10.7,64,714,0,2246,7620,1,44.343,46.093,44.187,43.687,44.156,46.093
43.038,1557,5520,1600,12.0,64,714,1,2246,7620,1,44.437,46.125,44.312,43.937,44.125,46.125
43.551,1637,5560,1600,11.2,66,306,10,2246,7620,1,44.406,46.375,44.375,43.781,44.281,46.375
44.05,1717,5720,1637,10.7,64,714,53,2246,7620,1,44.437,46.437,44.25,43.781,44.218,46.437
44.555,1637,5560,1600,11.0,66,306,0,2247,7620,1,44.531,46.375,44.187,43.781,44.187,46.375
45.061,1637,5670,1637,10.5,60,714,97,2247,7620,1,44.312,46.437,44.25,43.75,44.187,46.437
45.567,1677,5640,1637,12.0,68,306,0,2247,7620,1,44.562,46.5,44.5,44.0,44.25,46.5
46.075,1677,5600,1600,11.0,64,408,20,2247,7620,1,44.781,46.312,44.406,43.906,44.375,46.312
46.579,1557,5440,1557,15.0,80,306,0,2256,7620,1,44.593,46.093,44.375,43.906,44.281,46.093
47.084,1397,5200,1560,11.3,68,306,24,2256,7620,1,44.375,46.156,44.343,43.937,44.312,46.156
47.59,1397,5240,1560,11.3,67,306,57,2256,7620,1,44.437,46.25,44.375,43.781,44.281,46.25
48.096,1317,5080,1560,12.0,70,306,9,2256,7620,1,44.562,45.968,44.437,43.781,44.281,45.968
48.605,1357,5160,1560,11.5,67,306,98,2256,7620,1,44.531,46.125,44.375,44.062,44.406,46.125
49.108,1320,5080,1520,12.0,71,306,2,2256,7620,1,44.656,46.0,44.437,43.937,44.343,46.0
49.614,1357,5160,1560,11.3,68,306,92,2256,7620,1,44.375,46.25,44.406,44.031,44.343,46.25
50.12,1320,5080,1560,12.2,70,306,0,2256,7620,1,44.625,46.531,44.437,43.968,44.281,46.531
50.626,1357,5160,1560,11.3,67,306,97,2256,7620,1,44.468,46.437,44.468,43.875,44.343,46.437
51.142,1357,5120,1560,11.8,42,306,11,2256,7620,1,44.656,46.593,44.531,43.906,44.375,46.593
51.638,1397,5240,1560,11.7,68,306,12,2256,7620,1,44.718,46.531,44.468,44.0,44.468,46.531
52.144,1357,5160,1560,12.0,70,306,20,2256,7620,1,44.625,46.343,44.437,44.031,44.468,46.343
52.652,1397,5240,1560,11.7,68,306,92,2257,7620,1,44.406,46.437,44.5,44.0,44.437,46.437
53.156,1397,5200,1560,12.2,68,306,0,2257,7620,1,44.625,46.375,44.656,43.968,44.468,46.375
53.663,1397,5160,1560,11.8,70,306,56,2257,7620,1,44.656,46.281,44.562,43.968,44.375,46.281
54.167,1357,5200,1560,11.5,67,306,12,2257,7620,1,44.656,46.437,44.531,44.125,44.562,46.437
54.677,1357,5160,1560,12.0,71,306,31,2257,7620,1,44.75,46.218,44.468,44.125,44.406,46.218
55.179,1357,5120,1560,11.5,68,306,12,2257,7620,1,44.593,46.718,44.531,44.031,44.406,46.718
55.685,1357,5160,1560,11.7,68,306,97,2257,7620,1,44.781,46.343,44.687,44.031,44.437,46.343
56.194,1280,4727,1322,11.2,67,306,79,2257,7620,1,44.562,46.687,44.656,43.968,44.406,46.687
56.699,1280,4607,1241,11.3,66,306,77,2257,7620,1,44.812,46.218,44.625,44.156,44.406,46.218
57.205,1280,4567,1201,11.8,68,306,96,2257,7620,1,44.656,46.531,44.562,44.218,44.468,46.531
57.71,1320,4567,1201,11.7,68,306,79,2257,7620,1,44.687,46.406,44.468,44.093,44.437,46.406
58.216,1320,4567,1201,11.5,69,306,10,2257,7620,1,44.625,46.531,44.562,43.968,44.406,46.531
58.722,1320,4527,1201,11.2,67,306,0,2257,7620,1,44.656,46.312,44.656,44.031,44.406,46.312
59.229,1320,4567,1201,11.3,66,306,0,2257,7620,1,44.656,46.531,44.687,44.0,44.406,46.531
59.736,1360,4607,1201,11.7,66,306,9,2257,7620,1,44.593,46.375,44.593,44.0,44.375,46.375
60.242,1360,4647,1201,11.2,65,306,63,2257,7620,1,44.656,46.562,44.531,44.187,44.468,46.562
60.751,1400,4727,1241,12.2,70,306,96,2257,7620,1,44.593,46.437,44.531,44.125,44.531,46.437
61.358,1240,4727,1360,16.2,90,306,0,2257,7620,1,44.906,46.5,44.5,44.062,44.468,46.5
61.76,1280,4760,1360,16.3,98,306,0,2255,7620,1,44.843,46.281,44.531,44.062,44.468,46.281
62.265,1320,4800,1360,17.3,98,306,0,2252,7620,1,45.156,46.218,44.656,44.062,44.531,46.218
62.771,1317,4840,1360,16.8,98,306,0,2274,7620,1,45.25,46.281,44.593,44.281,44.531,46.281
63.276,1357,4920,1360,18.3,98,306,0,2432,7620,1,45.156,46.25,44.562,44.125,44.531,46.25
63.782,1357,4920,1360,17.5,98,306,0,2588,7620,1,44.937,46.75,44.593,44.156,44.5,46.75
64.287,1357,4960,1360,18.5,98,306,0,2732,7620,1,45.187,46.531,44.781,44.062,44.593,46.531
64.792,1357,4920,1360,18.5,100,306,0,2894,7620,1,44.968,46.687,44.593,44.343,44.5,46.687
65.298,1357,4920,1360,18.7,98,306,0,3031,7620,1,45.156,46.437,44.562,44.187,44.593,46.437
65.803,1357,4920,1360,19.0,100,306,0,3189,7620,1,45.0,46.375,44.593,44.187,44.531,46.375
66.309,1357,4920,1360,19.0,78,306,0,3330,7620,1,44.812,46.25,44.5,44.125,44.562,46.25
66.814,1357,4920,1360,18.3,100,306,0,3468,7620,1,44.875,46.312,44.687,44.156,44.5,46.312
67.32,1397,4960,1360,19.3,98,306,0,3626,7620,1,45.093,46.312,44.625,44.312,44.718,46.312
67.826,1357,4920,1360,19.2,100,306,0,3772,7620,1,44.937,46.687,44.625,44.281,44.625,46.687
68.332,1357,4920,1360,18.2,98,306,0,3918,7620,1,44.843,46.406,44.593,44.25,44.625,46.406
68.837,1357,4920,1360,19.0,98,306,0,4069,7620,1,44.812,46.625,44.625,44.187,44.656,46.625
69.35,2348,6339,1555,33.2,82,306,79,4194,7620,1,44.937,46.656,44.593,44.218,44.718,46.656
69.86,2901,7563,1870,11.0,66,918,99,4194,7620,1,44.937,47.312,44.687,44.187,44.906,47.312
70.361,4040,9101,2103,12.8,76,714,40,4195,7620,1,45.593,47.656,45.031,44.281,45.125,47.812
70.868,4580,10577,2812,12.8,74,714,99,4195,7620,1,45.625,48.0,45.031,44.437,45.312,48.0
71.372,4738,11311,3282,12.3,74,714,94,4195,7620,1,45.968,48.187,45.187,44.593,45.562,48.187
71.877,4699,11390,3401,12.3,74,714,96,4195,7620,1,46.062,48.468,45.218,44.656,45.687,48.468
72.383,4770,11588,3480,12.7,72,714,98,4195,7620,1,45.906,48.281,45.468,44.625,45.75,48.281
72.889,4770,11588,3520,12.7,74,714,40,4196,7620,1,46.187,48.906,45.406,44.656,45.875,48.906
73.395,4691,11470,3480,12.8,74,714,56,4196,7620,1,46.593,48.625,45.562,44.937,45.875,48.625
73.904,4730,11549,3520,12.0,72,714,97,4196,7620,1,46.343,49.0,45.562,44.968,46.093,49.0
74.407,4691,11470,3480,12.8,76,714,27,4196,7620,1,46.656,48.781,45.656,45.031,46.156,48.781
74.913,4730,11549,3480,12.5,73,714,96,4196,7620,1,46.5,48.937,45.625,45.062,46.187,48.937
75.53,4304,10854,3361,12.8,76,510,0,4180,7620,1,46.843,48.375,45.875,45.031,46.125,48.375
75.925,2931,8902,3055,12.7,67,510,56,4194,7620,1,46.406,48.218,45.812,45.343,45.968,48.218
76.432,2229,7097,2189,10.5,61,408,74,4194,7620,1,45.968,47.937,45.687,45.25,45.937,47.937
76.938,1873,6349,1873,10.2,60,408,40,4194,7620,1,46.0,47.718,45.656,45.218,45.718,47.718
77.445,1794,6110,1757,10.0,60,408,9,4194,7620,1,45.75,47.75,45.625,45.062,45.687,47.75
77.952,1794,6110,1757,9.8,56,408,47,4194,7620,1,45.75,47.625,45.593,45.031,45.625,47.625
78.458,1794,6070,1757,10.5,60,408,56,4194,7620,1,45.625,47.687,45.562,45.031,45.562,47.687
78.965,1754,6030,1717,10.7,60,408,5,4194,7620,1,45.875,47.593,45.687,45.031,45.531,47.593
79.471,1754,5990,1717,10.3,60,408,16,4194,7620,1,45.812,47.593,45.718,45.187,45.656,47.593
79.977,1754,6070,1717,10.2,60,408,5,4194,7620,1,45.781,47.656,45.656,45.187,45.625,47.656
80.488,1714,5990,1717,10.0,58,306,99,4194,7620,1,45.781,47.593,45.593,45.125,45.656,47.593
80.99,1674,5870,1717,9.5,57,306,46,4194,7620,1,45.625,47.562,45.468,45.125,45.625,47.562
81.496,1594,5750,1677,10.3,60,306,6,4194,7620,1,45.625,47.593,45.562,45.031,45.625,47.593
82.002,1634,5790,1677,9.7,56,306,89,4194,7620,1,45.625,47.437,45.781,45.093,45.562,47.437
82.509,1634,5830,1677,9.3,56,306,95,4194,7620,1,45.843,47.875,45.593,45.125,45.625,47.656
83.016,1674,5790,1677,10.2,60,714,0,4194,7620,1,46.093,47.718,45.625,45.281,45.687,47.718
83.754,1557,5670,1677,10.2,56,306,48,4194,7620,1,45.625,47.468,45.625,45.218,45.687,47.468
84.028,1517,5511,1597,15.0,73,306,67,4194,7620,1,45.906,47.468,45.593,45.187,45.656,47.468
84.534,1437,5440,1637,11.5,65,306,1,4194,7620,1,45.625,47.718,45.625,45.156,45.656,47.718
85.04,1397,5400,1640,10.7,62,306,72,4194,7620,1,45.843,47.343,45.812,45.156,45.625,47.343
85.546,1437,5440,1637,11.2,33,306,95,4194,7620,1,45.625,47.812,45.781,45.406,45.625,47.812
86.053,1397,5360,1600,11.2,66,306,2,4194,7620,1,45.875,47.343,45.687,45.25,45.718,47.343
86.565,1397,5400,1640,10.7,61,306,91,4194,7620,1,46.031,47.781,45.75,45.312,45.625,47.781
87.065,1397,5360,1640,10.5,63,306,30,4194,7620,1,45.687,47.968,45.625,45.281,45.625,47.968
87.571,1397,5360,1640,11.0,62,306,81,4194,7620,1,45.625,47.687,45.625,45.25,45.656,47.687
88.077,1397,5400,1640,10.2,61,306,6,4194,7620,1,45.687,47.687,45.781,45.156,45.656,47.687
88.584,1397,5360,1600,11.8,66,306,96,4194,7620,1,46.031,47.781,45.812,45.375,45.656,47.781
89.089,1357,5320,1600,11.0,64,306,21,4194,7620,1,46.031,47.625,45.687,45.343,45.781,47.625
89.603,1397,5400,1640,11.2,62,306,70,4194,7620,1,45.875,47.5,45.75,45.281,45.718,47.75
90.103,1397,5320,1600,11.5,66,306,96,4194,7620,1,45.687,47.593,45.625,45.343,45.687,47.593
90.845,1317,5000,1520,15.3,86,306,0,3008,7620,1,46.25,47.468,45.656,45.218,45.812,47.468
