archivo,modo,condicion,secuencia,resolucion,pesos,compilacion,imgsz,frames,lectura_ms,pre_ms,inferencia_ms,post_ms,deteccion_ms,tracking_ms,total_ms,fps,fps_reloj,pct_tracking,gpu_mhz_media,w_media,w_max,j_por_frame,tj_media_c,tj_max_c,ram_sistema_media_mb,ram_sistema_max_mb,torch_max_mem_mb,rss_proceso_mb
reposo__reposo.json,reposo,default,60.0 s sin carga,,,,,,,,,,,,,,,,306.0,2.9,3.01,,43.69,44.06,808.5,809.0,,
reposo__clocks.json,reposo,jetson_clocks,60.1 s sin carga,,,,,,,,,,,,,,,,1020.0,5.39,5.43,,49.21,49.59,806.0,806.0,,
ram__ram.json,ram,default,uav0000086_00000_v,1344x756,best.pt,pt,1280,200,,9.54,32.32,3.96,47.34,17.15,64.49,15.51,15.5,26.6,749.31,8.44,8.86,0.5441,46.1,47.19,2165.81,2173.0,66.2,
ram__ram.json,ram,default,uav0000086_00000_v,1344x756,best_1280x1280.engine,6 oct,1280x1280,200,,11.49,27.99,5.96,47.45,26.72,74.17,13.48,13.48,36.0,464.28,5.65,5.83,0.4187,46.16,46.66,2245.03,2247.0,44.0,
ram__ram.json,ram,default,uav0000086_00000_v,1344x756,best_736x1280.engine,6 oct,736x1280,200,,8.99,21.73,6.17,38.93,24.83,63.77,15.68,15.68,38.9,306.0,4.94,5.24,0.3151,46.41,46.72,2256.68,2257.0,25.5,
ram__ram.json,ram,default,uav0000268_05773_v,3840x2160,best.pt,pt,1280,105,,6.8,28.03,3.26,39.34,4.25,43.6,22.94,22.94,9.8,714.0,11.39,11.59,0.4965,48.58,49.0,4195.56,4196.0,66.2,
ram__ram.json,ram,default,uav0000268_05773_v,3840x2160,best_1280x1280.engine,6 oct,1280x1280,105,,16.1,27.55,6.29,52.1,8.53,60.63,16.49,16.49,14.1,391.0,5.95,6.11,0.3608,47.62,47.75,4194.0,4194.0,44.0,
ram__ram.json,ram,default,uav0000268_05773_v,3840x2160,best_736x1280.engine,6 oct,736x1280,105,,12.22,20.12,6.05,40.44,7.74,48.17,20.76,20.75,16.1,306.0,5.37,5.44,0.2588,47.7,47.97,4194.0,4194.0,25.5,
ram__engines.json,ram,default,uav0000086_00000_v,1344x756,best_736x1280_6oct.engine,6 oct,736x1280,200,,10.28,24.83,6.8,44.26,25.81,70.06,14.27,14.27,36.8,306.0,4.57,4.69,0.3199,49.74,50.09,2795.37,2797.0,25.5,
ram__engines.json,ram,default,uav0000086_00000_v,1344x756,best_736x1280.engine,7 oct (recompilado; hoy best_736x1280_7oct.engine),736x1280,200,,10.19,24.78,6.83,44.15,25.73,69.88,14.31,14.31,36.8,306.0,4.56,4.69,0.3186,49.43,49.81,2810.07,2811.0,25.5,
ram__engines.json,ram,default,uav0000268_05773_v,3840x2160,best_736x1280_6oct.engine,6 oct,736x1280,105,,13.39,22.42,6.32,44.31,8.12,52.42,19.08,19.07,15.5,306.0,4.98,5.4,0.2613,49.23,49.38,4147.0,4147.0,25.5,
ram__engines.json,ram,default,uav0000268_05773_v,3840x2160,best_736x1280.engine,7 oct (recompilado; hoy best_736x1280_7oct.engine),736x1280,105,,12.26,20.06,6.0,40.34,7.85,48.19,20.75,20.75,16.3,306.0,5.38,5.44,0.2595,49.29,49.53,4148.0,4148.0,25.5,
ram__clocks.json,ram,jetson_clocks,uav0000086_00000_v,1344x756,best.pt,pt,1280,200,,8.42,21.29,3.16,34.1,16.37,50.46,19.82,19.81,32.4,1020.0,11.42,11.71,0.5765,47.6,48.34,2360.75,2368.0,66.2,
ram__clocks.json,ram,jetson_clocks,uav0000086_00000_v,1344x756,best_736x1280.engine,6 oct,736x1280,200,,5.34,6.81,3.33,16.64,16.42,33.07,30.24,30.24,49.7,1020.0,9.01,9.24,0.298,47.98,48.28,2448.69,2450.0,25.5,
ram__clocks.json,ram,jetson_clocks,uav0000268_05773_v,3840x2160,best.pt,pt,1280,105,,6.48,21.25,3.02,31.97,4.23,36.2,27.62,27.62,11.7,1020.0,13.34,13.54,0.4829,50.18,50.56,4244.0,4244.0,66.2,
ram__clocks.json,ram,jetson_clocks,uav0000268_05773_v,3840x2160,best_736x1280.engine,6 oct,736x1280,105,,6.42,6.8,3.22,17.59,4.15,21.74,46.0,45.99,19.1,1020.0,10.47,10.54,0.2276,49.91,50.0,4230.0,4230.0,25.5,
video__default.json,video,default,17 mp4 de test-dev,680x382..2720x1530,best_736x1280.engine,6 oct,736x1280,6635,1.92,9.69,22.77,6.57,41.36,32.62,75.9,13.18,13.13,43.0,306.0,5.11,7.21,0.3893,49.07,50.41,1583.13,1670.0,25.5,1271.5
video__clocks.json,video,jetson_clocks,17 mp4 de test-dev,680x382..2720x1530,best_736x1280.engine,6 oct,736x1280,6635,1.2,6.0,6.84,3.44,17.58,25.27,44.06,22.7,22.59,57.4,1020.0,8.74,11.87,0.3868,53.81,56.0,1587.24,1676.0,25.5,1280.2
