video,duracion_s,fps_fuente,resolucion,frames,tracks_frame,ids_unicos,eventos,ev_pedestrian,ev_people,ev_bicycle,ev_car,ev_van,ev_truck,ev_tricycle,ev_awning-tricycle,ev_bus,ev_motor,fps_pipeline,fps_total,ms_lectura,ms_deteccion,ms_tracking,ms_video
video01,40.74,29.97,1920x1080,1221,9187,123,119,84,3,1,27,0,1,0,0,0,3,40.31,20.04,1.48,17.39,5.93,24.97
video02,33.37,29.97,1920x1080,1000,5911,72,66,59,0,0,6,0,1,0,0,0,0,42.31,20.29,1.6,17.39,4.65,25.55
video03,35.84,29.97,1920x1080,1074,3555,96,89,79,0,0,8,0,1,0,0,1,0,43.58,20.37,1.53,17.69,3.73,26.07
video04,24.16,29.97,1920x1080,724,5446,81,74,62,1,0,11,0,0,0,0,0,0,40.94,19.06,1.55,17.57,5.31,27.93
video05,49.15,29.97,1920x1080,1473,13477,171,164,75,16,10,59,2,0,0,0,0,2,37.31,20.6,1.48,17.62,7.7,21.61
video06,37.74,29.97,1920x1080,1131,9028,193,178,157,7,1,12,0,0,0,0,0,1,39.99,19.53,1.53,17.53,5.95,26.06
video07,86.02,29.97,1920x1080,2578,18886,226,214,201,2,0,10,1,0,0,0,0,0,41.87,18.94,1.56,17.18,5.15,28.8
video08,64.63,29.97,1920x1080,1937,14242,215,189,173,0,0,13,1,0,0,0,2,0,40.72,21.72,1.48,17.36,5.72,21.36
video09,54.45,29.97,1920x1080,1632,13281,237,217,2,0,0,194,14,4,0,0,2,1,40.04,21.39,1.48,17.32,6.18,21.65
video10,171.04,29.97,1920x1080,5126,66028,842,600,51,5,0,486,27,11,0,1,10,9,37.13,18.6,1.48,17.26,8.19,26.67
video11,72.37,29.97,1920x1080,2169,38361,447,344,12,3,0,271,17,20,0,0,5,16,34.81,16.85,1.5,17.44,9.79,30.41
video12,72.01,29.97,1920x1080,2158,63173,311,285,11,3,2,241,14,7,0,0,1,6,28.36,16.41,1.49,17.3,16.47,25.35
video13,66.27,29.97,1920x1080,1986,71620,393,356,38,6,0,275,16,18,0,0,1,2,28.18,15.25,1.49,17.19,16.81,29.69
video15,81.45,29.97,1920x1080,2441,75245,615,516,246,4,2,243,9,10,0,0,0,2,28.65,15.16,1.5,17.35,16.05,30.74
video16,81.45,29.97,1920x1080,2441,59470,382,303,39,7,0,226,15,12,0,0,2,2,32.34,16.12,1.51,17.41,12.0,30.85
video17,80.81,29.97,1920x1080,2422,62461,696,548,238,1,3,275,13,10,3,0,1,4,29.82,15.33,1.53,17.28,14.72,31.42
video18,47.31,29.97,1920x1080,1418,24295,240,225,32,0,1,181,7,0,0,0,1,3,34.76,16.65,1.53,17.43,9.81,31.07
video19,86.62,29.97,1920x1080,2596,81731,530,497,58,11,1,372,38,4,1,0,5,7,28.86,15.18,1.55,17.41,15.69,30.87
video20,88.99,29.97,1920x1080,2667,57280,517,391,70,5,2,267,23,16,0,0,1,7,32.8,16.62,1.5,17.27,11.72,29.43
video21,189.99,29.97,1920x1080,5694,144237,655,516,101,12,1,345,45,8,0,0,2,2,33.08,16.53,1.5,17.08,11.65,29.98
video23,40.74,29.97,1920x1080,1221,61434,643,492,385,19,2,59,5,2,1,1,0,18,22.26,12.6,1.5,17.63,25.79,33.96
video24,43.94,29.97,1920x1080,1317,38152,327,279,158,15,0,56,13,5,3,1,2,26,29.26,16.01,1.5,17.72,14.96,27.97
video25,52.62,29.97,1920x1080,1577,55166,471,360,231,40,1,47,11,0,6,0,1,23,26.76,14.76,1.51,17.44,18.43,30.01
video26,59.26,29.97,1920x1080,1776,75885,769,616,414,40,2,73,38,4,9,1,4,31,23.84,13.5,1.52,17.72,22.7,31.71
video27,80.01,29.97,1920x1080,2398,16325,226,202,3,0,0,176,11,5,0,0,7,0,41.78,21.98,1.49,17.08,5.36,21.45
video28,86.19,29.97,1920x1080,2583,16350,136,121,4,0,0,91,16,0,0,0,9,1,42.59,21.37,1.48,17.07,4.93,23.2
video29,158.97,47.952,1920x1080,7623,43674,285,267,120,39,37,49,15,1,0,0,1,5,42.97,19.49,1.57,16.99,4.71,27.92
TOTAL,1986.14,,,62383,1143900,9899,8228,3103,239,66,4073,351,140,23,4,58,171,34.36,17.48,1.51,17.29,10.3,27.87
