track_id,clase,clase_id,n_frames,frame_inicio,frame_fin,t_inicio_s,t_fin_s,duracion_s,conf_media,conf_max,frame_mejor,x_centro,y_centro
0,pedestrian,1,637,1,643,0.0,21.421,21.421,0.7007,0.9073,297,431.9,741.7
1,pedestrian,1,641,3,643,0.067,21.421,21.355,0.6932,0.8344,474,606.3,351.8
3,pedestrian,1,588,20,629,0.634,20.954,20.32,0.6181,0.8311,295,451.6,999.5
4,pedestrian,1,279,32,352,1.034,11.712,10.677,0.5625,0.6918,131,895.4,538.1
5,pedestrian,1,287,39,352,1.268,11.712,10.444,0.5869,0.7759,177,693.7,806.2
8,pedestrian,1,18,67,84,2.202,2.769,0.567,0.4733,0.5993,80,299.8,493.5
9,pedestrian,1,23,78,100,2.569,3.303,0.734,0.3545,0.5746,99,490.2,447.9
11,pedestrian,1,6,101,106,3.337,3.504,0.167,0.3536,0.498,101,581.0,594.1
14,pedestrian,1,29,118,146,3.904,4.838,0.934,0.4281,0.6095,139,295.6,554.9
15,pedestrian,1,154,123,294,4.071,9.776,5.706,0.6222,0.8558,176,1360.0,692.9
17,pedestrian,1,138,125,274,4.137,9.109,4.972,0.596,0.7642,179,1379.0,579.3
18,car,4,7,126,132,4.171,4.371,0.2,0.3923,0.691,126,735.7,1023.6
25,pedestrian,1,11,140,153,4.638,5.072,0.434,0.4593,0.5804,150,949.9,461.5
30,pedestrian,1,9,152,160,5.038,5.305,0.267,0.2858,0.5263,152,1319.8,340.1
32,pedestrian,1,29,152,180,5.038,5.973,0.934,0.4757,0.6343,167,152.9,501.9
34,pedestrian,1,35,164,202,5.439,6.707,1.268,0.495,0.6361,168,1404.1,365.1
36,pedestrian,1,329,167,532,5.539,17.718,12.179,0.6804,0.8775,298,1527.1,815.9
37,pedestrian,1,33,168,202,5.572,6.707,1.134,0.3883,0.6252,185,1397.8,373.4
38,car,4,14,172,190,5.706,6.306,0.601,0.3233,0.5784,186,1079.0,398.0
41,pedestrian,1,153,176,342,5.839,11.378,5.539,0.5639,0.7424,316,1058.9,423.3
42,pedestrian,1,82,181,262,6.006,8.709,2.703,0.5251,0.6325,192,867.8,461.2
50,pedestrian,1,17,255,271,8.475,9.009,0.534,0.3723,0.5467,257,1442.0,294.7
53,pedestrian,1,77,258,347,8.575,11.545,2.97,0.6681,0.8289,289,1500.6,580.2
54,pedestrian,1,375,259,639,8.609,21.288,12.679,0.4303,0.6575,457,864.2,244.9
63,car,4,68,289,356,9.61,11.845,2.236,0.6381,0.7154,315,217.1,213.9
69,pedestrian,1,39,314,353,10.444,11.745,1.301,0.4841,0.752,348,1516.8,583.6
72,pedestrian,1,21,350,383,11.645,12.746,1.101,0.5311,0.7424,380,1183.1,252.5
73,pedestrian,1,3,350,352,11.645,11.712,0.067,0.3887,0.4815,350,1405.9,211.8
77,pedestrian,1,247,355,603,11.812,20.087,8.275,0.526,0.7233,463,628.6,785.8
79,car,4,12,364,375,12.112,12.479,0.367,0.4526,0.6243,367,195.8,27.5
83,pedestrian,1,74,365,438,12.145,14.581,2.436,0.618,0.7957,416,1539.9,406.5
86,pedestrian,1,141,383,532,12.746,17.718,4.972,0.5675,0.8019,443,1528.1,412.6
88,pedestrian,1,10,418,427,13.914,14.214,0.3,0.3639,0.5185,418,1241.0,258.1
89,car,4,13,423,435,14.081,14.481,0.4,0.4097,0.5448,426,204.7,20.9
90,pedestrian,1,26,431,487,14.348,16.216,1.869,0.3555,0.6197,431,1422.8,118.4
91,pedestrian,1,54,432,485,14.381,16.149,1.768,0.5285,0.6935,479,827.5,210.9
93,pedestrian,1,10,454,463,15.115,15.415,0.3,0.6744,0.8152,458,1310.5,936.9
99,pedestrian,1,16,478,514,15.916,17.117,1.201,0.5318,0.7892,480,1296.7,815.9
102,pedestrian,1,12,483,494,16.083,16.45,0.367,0.4418,0.5955,483,1519.7,318.0
103,pedestrian,1,4,485,488,16.149,16.25,0.1,0.3623,0.5361,485,22.2,239.2
104,pedestrian,1,6,485,490,16.149,16.316,0.167,0.3545,0.5936,485,1065.5,195.0
107,pedestrian,1,13,502,514,16.717,17.117,0.4,0.6518,0.7931,506,914.2,1028.4
109,pedestrian,1,5,506,510,16.85,16.984,0.133,0.5692,0.6067,510,1442.9,56.7
111,pedestrian,1,16,515,530,17.15,17.651,0.5,0.4275,0.6151,516,851.2,167.0
113,pedestrian,1,90,516,605,17.184,20.153,2.97,0.7282,0.8387,559,505.3,406.5
114,pedestrian,1,35,518,552,17.251,18.385,1.134,0.4977,0.6234,547,919.3,108.5
116,pedestrian,1,7,521,527,17.351,17.551,0.2,0.5814,0.8081,523,1786.1,1014.8
119,car,4,3,525,527,17.484,17.551,0.067,0.2727,0.4717,525,688.8,1009.1
120,pedestrian,1,4,526,529,17.518,17.618,0.1,0.3835,0.4902,527,158.5,187.8
121,pedestrian,1,23,526,548,17.518,18.252,0.734,0.3689,0.6558,526,136.5,202.5
126,pedestrian,1,89,537,625,17.885,20.821,2.936,0.5942,0.8278,540,1517.6,757.8
128,pedestrian,1,9,545,553,18.151,18.418,0.267,0.3568,0.4844,550,244.9,144.9
130,pedestrian,1,15,546,560,18.185,18.652,0.467,0.5052,0.6619,559,340.9,140.3
135,pedestrian,1,53,553,607,18.418,20.22,1.802,0.647,0.8081,581,1360.8,357.9
139,pedestrian,1,33,555,587,18.485,19.553,1.068,0.6543,0.83,566,108.4,299.6
140,car,4,7,557,563,18.552,18.752,0.2,0.561,0.7186,559,789.4,591.5
142,pedestrian,1,15,560,574,18.652,19.119,0.467,0.4368,0.6893,561,90.5,124.3
143,pedestrian,1,26,569,600,18.952,19.987,1.034,0.4075,0.5516,589,1201.0,177.3
150,car,4,4,575,578,19.152,19.253,0.1,0.3673,0.4717,576,1360.6,114.4
156,pedestrian,1,3,587,589,19.553,19.62,0.067,0.3266,0.5137,587,254.3,98.6
158,pedestrian,1,10,594,603,19.786,20.087,0.3,0.4025,0.5879,599,106.2,75.4
159,pedestrian,1,7,594,600,19.786,19.987,0.2,0.4358,0.587,594,55.3,95.7
170,pedestrian,1,39,605,643,20.153,21.421,1.268,0.4239,0.7454,611,1104.2,241.5
171,pedestrian,1,10,607,616,20.22,20.521,0.3,0.5312,0.7264,607,1897.7,203.4
172,pedestrian,1,38,607,644,20.22,21.455,1.235,0.6878,0.7976,614,1381.1,283.2
183,pedestrian,1,28,611,638,20.354,21.255,0.901,0.4832,0.6415,622,923.5,266.6
184,pedestrian,1,30,612,643,20.387,21.421,1.034,0.4673,0.5823,625,863.7,224.1
189,pedestrian,1,32,614,645,20.454,21.488,1.034,0.7364,0.8044,628,194.5,422.9
193,pedestrian,1,13,628,640,20.921,21.321,0.4,0.3785,0.586,628,53.8,213.9
197,pedestrian,1,7,637,643,21.221,21.421,0.2,0.5352,0.5506,641,833.9,263.3
200,people,2,5,639,643,21.288,21.421,0.133,0.3561,0.5302,639,1306.1,264.5
201,car,4,11,642,652,21.388,21.722,0.334,0.6386,0.8019,645,868.6,315.7
229,car,4,17,697,713,23.223,23.757,0.534,0.3466,0.7394,697,1357.0,121.6
233,car,4,12,713,724,23.757,24.124,0.367,0.4108,0.6234,713,1281.7,323.3
